Name,Link,Approach,Maturity,What we do better
CyberForecaster (piyushkashyap160-spec),https://github.com/piyushkashyap160-spec/CyberForecaster,Temporal LSTM world model + Temporal GNN + LogReg baseline; claims F1 0.9826 on CSE-CIC-IDS2018,Prototype,Their F1 is single-dataset; we publish cross-dataset generalisation + a release gate + drift detection
SIH26153-AI-Network-Attack-Forecasting (SabarishR08),https://github.com/SabarishR08/SIH26153-AI-Network-Attack-Forecasting,traffic -> anomaly detection -> ML forecasting -> kill chain -> Flask dashboard; reuses NTAV,Working prototype (34 commits),Forecasting bolted onto a 3rd-party detector; ours is one trained world model with a regression head + dual explainability
AttackForecast (HowSuyash),https://github.com/HowSuyash/AttackForecast,World model P(S_t+1|S_t) over 60s CTU-13 states; MITRE rollout; offline CPU,Prototype,We have 4 dataset adapters behind one schema + a fuller platform (FastAPI + Next.js + Streamlit + CLI)
raushankumarsah07 (PS-named repo),https://github.com/raushankumarsah07/aI-based-network-attack-forecasting-from-network-traffic-data,"PyTorch GRU world model, counterfactual what-if rollout, Express/React SOC dashboard, Solidity smart-contract audit trail",Prototype / scaffold,Their blockchain audit trail is real differentiation; our answer is a lighter offline hash-chained prediction log (stretch item)
Threat-Scope (kunalsrivastava8810),https://github.com/kunalsrivastava8810/Threat-Scope,R Shiny SOC dashboard unifying CVE + malware + intrusion data with ML prediction,Prototype dashboard,"Dashboard-first, model-thin; we are model-first with reproducible training config + benchmark"
Visual Analytics Tool (cyber-laboratory / verpejas),https://github.com/cyber-laboratory/Visual_Analytics_Tool,"DTW alignment of traffic sequences + RNN-based attack forecasting + visual analytics UI (research, predates SIH)",Research tool / paper artifact,Closest reference architecture; our world-model regression head + MITRE stage mapping go beyond it
KillChainGraph (arXiv 2508.18230),https://arxiv.org/pdf/2508.18230,Per-kill-chain-phase classifiers with inter-phase dependencies as a directed graph,Preprint + code,"Reference for our stage-mapping design; cite, don't compete"
"Husak et al. 2015, Computers & Security",https://dl.acm.org/doi/10.1016/j.cose.2015.11.005,Attack-graph + prediction; canonical network attack forecasting paper,"Published, widely cited",Foundational citation
SentinelOne / CyberProof predictive threat intel,https://www.sentinelone.com/cybersecurity-101/threat-intelligence/predictive-threat-intelligence/,Behavioural-signal correlation + predictive risk scoring (commercial),Shipping products,They correlate signals; they do not learn a network state-transition model or roll it forward K steps
